"编号","Ext1","数量(占比)"
1,"chat","520 (24.60%)"
2,"platform_qrcode_view","307 (14.52%)"
3,"chatkit","167 (7.90%)"
4,"未知","146 (6.91%)"
5,"call","122 (5.77%)"
6,"mobile_qrcode_view","84 (3.97%)"
7,"room","69 (3.26%)"
8,"home | ios","49 (2.32%)"
9,"home | chat","40 (1.89%)"
10,"quick_access_click","36 (1.70%)"
11,"detail | call","35 (1.66%)"
12,"detail | chat","34 (1.61%)"
13,"detail | chat | medical","31 (1.47%)"
14,"home | android","26 (1.23%)"
15,"detail | chat | general","23 (1.09%)"
16,"medical_record","22 (1.04%)"
17,"home | chat | Web | https://cloud.tencent.com/document/product/269/123108","20 (0.95%)"
18,"prescription","19 (0.90%)"
19,"home | miniprogram","18 (0.85%)"
20,"detail | room","18 (0.85%)"
21,"callkit","12 (0.57%)"
22,"home | chat | medical","10 (0.47%)"
23,"roomkit","10 (0.47%)"
24,"capability_demo_click","9 (0.43%)"
25,"quick_reply","8 (0.38%)"
26,"quick_rate","8 (0.38%)"
27,"detail | chat | ios","5 (0.24%)"
28,"doc_click","5 (0.24%)"
29,"detail | chat | experience | call","3 (0.14%)"
30,"capability_platform_click","3 (0.14%)"
31,"image","3 (0.14%)"
32,"sideBar | chat | call | web | https://cloud.tencent.com/document/product/647/78731","2 (0.09%)"
33,"home | room","2 (0.09%)"
34,"detail | chat | general | 299942","1 (0.05%)"
35,"detail | call | 356129","1 (0.05%)"
36,"detail | room | 231825","1 (0.05%)"
37,"detail | chat | general | 49201","1 (0.05%)"
38,"detail | chat | general | 670","1 (0.05%)"
39,"detail | call | 1630","1 (0.05%)"
40,"detail | room | 11597","1 (0.05%)"
41,"detail | chat | general | 23135","1 (0.05%)"
42,"detail | chat | general | 10019778","1 (0.05%)"
43,"home | chat | Android | https://cloud.tencent.com/document/product/269/37059","1 (0.05%)"
44,"detail | chat | general | 44284","1 (0.05%)"
45,"detail | chat | general | 305953","1 (0.05%)"
46,"detail | chat | general | 116771","1 (0.05%)"
47,"detail | chat | general | 1046","1 (0.05%)"
48,"detail | chat | general | 171986","1 (0.05%)"
49,"detail | room | 892","1 (0.05%)"
50,"detail | chat | general | 151128","1 (0.05%)"
51,"detail | chat | general | 31920","1 (0.05%)"
52,"detail | room | 59","1 (0.05%)"
53,"detail | call | 87447","1 (0.05%)"
54,"detail | call | 1838","1 (0.05%)"
55,"detail | chat | general | 1524829","1 (0.05%)"
56,"detail | room | 8941","1 (0.05%)"
57,"detail | chat | general | 75569","1 (0.05%)"
58,"detail | chat | general | 264933","1 (0.05%)"
59,"detail | call | 1046","1 (0.05%)"
60,"detail | call | 1201","1 (0.05%)"
61,"detail | call | 14355","1 (0.05%)"
62,"detail | chat | general | 59772785","1 (0.05%)"
63,"detail | chat | medical | showroom","1 (0.05%)"
64,"detail | chat | general | 246650","1 (0.05%)"
65,"detail | call | 444555","1 (0.05%)"
66,"detail | chat | general | 574","1 (0.05%)"
67,"detail | chat | doc | https://cloud.tencent.com/product/im","1 (0.05%)"
68,"detail | chat | general | 126221","1 (0.05%)"
69,"detail | chat | general | 1006935","1 (0.05%)"
70,"detail | call | 33745","1 (0.05%)"
71,"detail | chat | general | 3830","1 (0.05%)"
72,"detail | chat | general | 10983","1 (0.05%)"
73,"detail | call | 2458743","1 (0.05%)"
74,"detail | call | 125455","1 (0.05%)"
75,"detail | chat | general | 2205","1 (0.05%)"
76,"detail | call | 4672","1 (0.05%)"
77,"detail | chat | general | 2209","1 (0.05%)"
78,"detail | chat | general | 19644933","1 (0.05%)"
79,"detail | chat | general | 28874","1 (0.05%)"
80,"home | call","1 (0.05%)"
81,"detail | chat | general | 5863","1 (0.05%)"
82,"detail | chat | general | 144458","1 (0.05%)"
83,"sideBar | chat | room | web | https://cloud.tencent.com/document/product/647/81962","1 (0.05%)"
84,"detail | chat | general | 2286","1 (0.05%)"
85,"detail | chat | general | 105308","1 (0.05%)"
86,"detail | call | 1129","1 (0.05%)"
87,"detail | chat | general | 30450","1 (0.05%)"
88,"detail | chat | general | 807","1 (0.05%)"
89,"detail | chat | general | 928","1 (0.05%)"
90,"detail | call | 420","1 (0.05%)"
91,"detail | chat | general | 1442","1 (0.05%)"
92,"detail | call | 989541","1 (0.05%)"
93,"detail | chat | general | 441531","1 (0.05%)"
94,"detail | chat | general | 1145","1 (0.05%)"
95,"detail | call | 408","1 (0.05%)"
96,"detail | room | 75913","1 (0.05%)"
97,"detail | chat | general | 1686178","1 (0.05%)"
98,"detail | chat | general | 8581124","1 (0.05%)"
99,"detail | chat | general | 42735","1 (0.05%)"
100,"detail | call | 10198","1 (0.05%)"
101,"detail | room | 10963","1 (0.05%)"
102,"detail | room | 3662","1 (0.05%)"
103,"detail | call | 7424","1 (0.05%)"
104,"detail | chat | general | 277474","1 (0.05%)"
105,"detail | chat | general | 2632","1 (0.05%)"
106,"detail | chat | general | 8627","1 (0.05%)"
107,"home | call | Web | https://cloud.tencent.com/document/product/647/78731","1 (0.05%)"
108,"detail | call | 245290","1 (0.05%)"
109,"detail | chat | general | 8210","1 (0.05%)"
110,"detail | chat | general | 1094389","1 (0.05%)"
111,"detail | chat | general | 39574","1 (0.05%)"
112,"detail | chat | android","1 (0.05%)"
113,"detail | chat | general | 2563","1 (0.05%)"
114,"detail | chat | general | 46993","1 (0.05%)"
115,"detail | room | 2511","1 (0.05%)"
116,"detail | chat | general | 4869","1 (0.05%)"
117,"detail | chat | general | 10285","1 (0.05%)"
118,"sideBar | chat | doc | https://cloud.tencent.com/document/product/269/37411","1 (0.05%)"
119,"detail | chat | general | 4932","1 (0.05%)"
120,"detail | call | 4244404","1 (0.05%)"
121,"detail | chat | general | 237585","1 (0.05%)"
122,"detail | chat | general | 7714952","1 (0.05%)"
123,"detail | call | 2273995","1 (0.05%)"
124,"detail | room | 1273","1 (0.05%)"
125,"console_click","1 (0.05%)"
126,"detail | chat | general | 1073","1 (0.05%)"
127,"detail | call | 14662","1 (0.05%)"
128,"detail | call | 1725","1 (0.05%)"
129,"detail | chat | general | 7658","1 (0.05%)"
130,"detail | chat | general | 45691","1 (0.05%)"
131,"detail | call | 768","1 (0.05%)"
132,"detail | call | 5331","1 (0.05%)"
133,"detail | chat | general | 86075125","1 (0.05%)"
134,"detail | chat | general | 85120948","1 (0.05%)"
135,"detail | call | 30305","1 (0.05%)"
136,"detail | chat | general | 822","1 (0.05%)"
137,"detail | chat | general | 58562","1 (0.05%)"
138,"detail | chat | general | 413","1 (0.05%)"
139,"home | chat | quickAccess.miniProgram | https://cloud.tencent.com/document/product/269/124305","1 (0.05%)"
140,"detail | chat | general | 59857","1 (0.05%)"
141,"detail | chat | general | 7674","1 (0.05%)"
142,"detail | call | 698","1 (0.05%)"
143,"detail | chat | general | 3204","1 (0.05%)"
144,"detail | chat | general | 1570134","1 (0.05%)"
145,"detail | call | 844","1 (0.05%)"
146,"detail | call | 220","1 (0.05%)"
147,"detail | chat | general | 941","1 (0.05%)"
148,"detail | call | 615","1 (0.05%)"
149,"detail | chat | general | 17611571","1 (0.05%)"
150,"capability_docs_click","1 (0.05%)"
151,"detail | chat | general | 11313","1 (0.05%)"
152,"detail | chat | general | 142265","1 (0.05%)"
153,"detail | chat | general | 67533","1 (0.05%)"
154,"detail | chat | general | 448423","1 (0.05%)"
155,"detail | chat | general | 1563","1 (0.05%)"
156,"detail | chat | general | 55181","1 (0.05%)"
157,"detail | chat | general | 100211438","1 (0.05%)"
158,"detail | chat | general | 6130","1 (0.05%)"
159,"detail | chat | general | 49453","1 (0.05%)"
160,"detail | room | 6352","1 (0.05%)"
161,"detail | chat | general | 19482","1 (0.05%)"
162,"detail | chat | general | 86244598","1 (0.05%)"
163,"detail | chat | general | 773","1 (0.05%)"
164,"detail | chat | general | 18036286","1 (0.05%)"
165,"detail | chat | general | 21107","1 (0.05%)"
166,"detail | call | 650","1 (0.05%)"
167,"detail | chat | general | 2369","1 (0.05%)"
168,"detail | call | 669","1 (0.05%)"
169,"detail | room | 235702","1 (0.05%)"
170,"detail | chat | general | 74607","1 (0.05%)"
171,"detail | chat | general | 34349","1 (0.05%)"
172,"detail | chat | general | 63253","1 (0.05%)"
173,"detail | call | 1617","1 (0.05%)"
174,"detail | room | 11602","1 (0.05%)"
175,"detail | chat | general | 176505","1 (0.05%)"
176,"detail | call | 6529598","1 (0.05%)"
177,"detail | chat | general | 20523","1 (0.05%)"
178,"detail | chat | general | 1075","1 (0.05%)"
179,"detail | chat | general | 9738","1 (0.05%)"
180,"detail | chat | general | 9027449","1 (0.05%)"
181,"detail | call | 14363","1 (0.05%)"
182,"detail | chat | general | 27499","1 (0.05%)"
183,"detail | chat | general | 1302","1 (0.05%)"
184,"detail | chat | general | 2309620","1 (0.05%)"
185,"detail | room | 3461","1 (0.05%)"
186,"detail | chat | general | 8578560","1 (0.05%)"
187,"detail | chat | general | 76288","1 (0.05%)"
188,"detail | chat | general | 2237807","1 (0.05%)"
189,"detail | chat | general | 13051","1 (0.05%)"
190,"detail | chat | general | 175635","1 (0.05%)"
191,"detail | chat | general | 1361","1 (0.05%)"
192,"detail | chat | general | 97935","1 (0.05%)"
193,"detail | room | 677","1 (0.05%)"
194,"detail | chat | general | 3077","1 (0.05%)"
195,"detail | chat | general | 13140","1 (0.05%)"
196,"detail | room | 8151","1 (0.05%)"
197,"detail | chat | general | 99566955","1 (0.05%)"
198,"detail | chat | general | 5718","1 (0.05%)"
199,"detail | chat | general | 308678","1 (0.05%)"
200,"detail | chat | general | 5983659","1 (0.05%)"
201,"detail | chat | general | 5989468","1 (0.05%)"
202,"detail | chat | general | 60236","1 (0.05%)"
203,"detail | chat | general | 86072468","1 (0.05%)"
204,"detail | call | 9390","1 (0.05%)"
205,"detail | chat | general | 152501","1 (0.05%)"
206,"detail | room | 8523","1 (0.05%)"
207,"detail | call | 8261","1 (0.05%)"
208,"detail | chat | general | 313132","1 (0.05%)"
209,"detail | call | 155944","1 (0.05%)"
210,"detail | room | 9593","1 (0.05%)"
211,"detail | chat | general | 304","1 (0.05%)"
212,"detail | chat | general | 88832","1 (0.05%)"
213,"detail | chat | general | 5077","1 (0.05%)"
214,"detail | chat | general | 1596","1 (0.05%)"
215,"detail | chat | general | 5033","1 (0.05%)"
216,"detail | call | 368208","1 (0.05%)"
217,"detail | chat | general | 287305","1 (0.05%)"
218,"detail | call | 2591","1 (0.05%)"
219,"detail | chat | general | 37654","1 (0.05%)"
220,"detail | chat | general | 386341","1 (0.05%)"
221,"detail | call | 1569","1 (0.05%)"
222,"detail | call | 1084","1 (0.05%)"
223,"detail | chat | general | 1134","1 (0.05%)"
224,"detail | chat | general | 1782","1 (0.05%)"
225,"detail | room | 2422","1 (0.05%)"
226,"detail | call | 270184","1 (0.05%)"
227,"sideBar | chat | doc | https://cloud.tencent.com/product/im","1 (0.05%)"
228,"detail | call | 2171","1 (0.05%)"
229,"sideBar | chat | doc | https://cloud.tencent.com/document/product/269/123276","1 (0.05%)"
230,"detail | call | 975","1 (0.05%)"
231,"detail | call | 1733","1 (0.05%)"
232,"detail | chat | general | 19129482","1 (0.05%)"
233,"detail | call | 1678088","1 (0.05%)"
234,"detail | chat | general | 1148","1 (0.05%)"
235,"detail | call | 346","1 (0.05%)"
236,"detail | chat | general | 6664989","1 (0.05%)"
237,"audio_call","1 (0.05%)"
238,"detail | chat | general | 1527827","1 (0.05%)"
239,"detail | chat | general | 64175","1 (0.05%)"
240,"detail | chat | general | 447711","1 (0.05%)"
241,"detail | room | 1209","1 (0.05%)"
242,"detail | call | 2311048","1 (0.05%)"
243,"detail | call | 6905623","1 (0.05%)"
244,"detail | call | 1866","1 (0.05%)"
245,"detail | call | 2890","1 (0.05%)"
246,"detail | chat | call | web | https://cloud.tencent.com/document/product/647/78731","1 (0.05%)"
247,"detail | call | 929","1 (0.05%)"
248,"detail | chat | general | 5608","1 (0.05%)"
249,"detail | call | 2110976","1 (0.05%)"
250,"detail | call | 123136","1 (0.05%)"
251,"detail | chat | general | 62726","1 (0.05%)"
252,"detail | chat | general | 7992596","1 (0.05%)"
253,"detail | room | 460","1 (0.05%)"
254,"detail | chat | general | 70186","1 (0.05%)"
255,"detail | room | 2336","1 (0.05%)"
256,"detail | chat | general | 8686","1 (0.05%)"
257,"detail | call | 1488","1 (0.05%)"
258,"file","1 (0.05%)"
259,"detail | chat | general | 1157","1 (0.05%)"
260,"detail | chat | general | 8424691","1 (0.05%)"
261,"detail | chat | general | 2044","1 (0.05%)"
262,"detail | chat | general | 44013","1 (0.05%)"
263,"detail | chat | general | 385077","1 (0.05%)"
264,"detail | chat | general | 19702","1 (0.05%)"
265,"detail | room | 122613","1 (0.05%)"
266,"detail | call | ios","1 (0.05%)"
267,"detail | chat | general | 1741682","1 (0.05%)"
268,"detail | chat | general | 1552142","1 (0.05%)"
269,"detail | chat | general | 15096","1 (0.05%)"
270,"detail | call | 350","1 (0.05%)"
271,"detail | chat | general | 7841","1 (0.05%)"
272,"detail | chat | general | 31151","1 (0.05%)"
273,"detail | chat | general | 1757604","1 (0.05%)"
274,"detail | call | 1130","1 (0.05%)"
275,"detail | room | 18238","1 (0.05%)"
276,"detail | chat | general | 181170","1 (0.05%)"
277,"detail | room | 116736","1 (0.05%)"
278,"detail | chat | general | 1626108","1 (0.05%)"
279,"detail | chat | general | 366078","1 (0.05%)"
280,"detail | chat | general | 1773","1 (0.05%)"
281,"detail | chat | general | 6644","1 (0.05%)"
